Datetime,Water Level (m)
2025-02-10 06:00:00,0.15753058
2025-02-10 07:00:00,0.10559776
2025-02-10 08:00:00,-0.08339442
2025-02-10 09:00:00,-0.275336
2025-02-10 10:00:00,-0.44926572
2025-02-10 11:00:00,-0.6015706
2025-02-10 12:00:00,-0.72702944
2025-02-10 13:00:00,-0.81740737
2025-02-10 14:00:00,-0.69666296
2025-02-10 15:00:00,-0.3695546
2025-02-10 16:00:00,-0.03560052
2025-02-10 17:00:00,0.25071728
2025-02-10 18:00:00,0.44629532
2025-02-10 19:00:00,0.48971686
2025-02-10 20:00:00,0.3186316
2025-02-10 21:00:00,0.06286193
2025-02-10 22:00:00,-0.15861621
2025-02-10 23:00:00,-0.34696233
2025-02-11 00:00:00,-0.51129216
2025-02-11 01:00:00,-0.6452022
2025-02-11 02:00:00,-0.7451046
2025-02-11 03:00:00,-0.64407337
2025-02-11 04:00:00,-0.33387616
2025-02-11 05:00:00,-0.05269838
2025-02-11 06:00:00,0.15681523
2025-02-11 07:00:00,0.25176084
2025-02-11 08:00:00,0.15695202
2025-02-11 09:00:00,-0.06596644
2025-02-11 10:00:00,-0.27126145
2025-02-11 11:00:00,-0.4525041
2025-02-11 12:00:00,-0.6090126
2025-02-11 13:00:00,-0.73738456
2025-02-11 14:00:00,-0.80079633
2025-02-11 15:00:00,-0.55776757
2025-02-11 16:00:00,-0.23382494
2025-02-11 17:00:00,0.11305588
2025-02-11 18:00:00,0.39866313
2025-02-11 19:00:00,0.5808956
2025-02-11 20:00:00,0.561701
2025-02-11 21:00:00,0.31567764
2025-02-11 22:00:00,0.05133585
2025-02-11 23:00:00,-0.16915083
2025-02-12 00:00:00,-0.36240757
2025-02-12 01:00:00,-0.5281436
2025-02-12 02:00:00,-0.6645708
2025-02-12 03:00:00,-0.7418094
2025-02-12 04:00:00,-0.47716355
2025-02-12 05:00:00,-0.15865728
2025-02-12 06:00:00,0.12497744
2025-02-12 07:00:00,0.30354354
2025-02-12 08:00:00,0.32495868
2025-02-12 09:00:00,0.1363122
2025-02-12 10:00:00,-0.099672034
2025-02-12 11:00:00,-0.30303702
2025-02-12 12:00:00,-0.4815478
2025-02-12 13:00:00,-0.63213205
2025-02-12 14:00:00,-0.7538539
2025-02-12 15:00:00,-0.75864714
2025-02-12 16:00:00,-0.41710043
2025-02-12 17:00:00,-0.05756839
2025-02-12 18:00:00,0.28446406
2025-02-12 19:00:00,0.53757155
2025-02-12 20:00:00,0.634151
2025-02-12 21:00:00,0.48867318
2025-02-12 22:00:00,0.20327587
2025-02-12 23:00:00,-0.049186416
2025-02-13 00:00:00,-0.25547722
2025-02-13 01:00:00,-0.4400748
2025-02-13 02:00:00,-0.5937791
2025-02-13 03:00:00,-0.7192014
2025-02-13 04:00:00,-0.68228877
2025-02-13 05:00:00,-0.316385
2025-02-13 06:00:00,0.018151306
2025-02-13 07:00:00,0.27128053
2025-02-13 08:00:00,0.39866963
2025-02-13 09:00:00,0.31904024
2025-02-13 10:00:00,0.076468855
2025-02-13 11:00:00,-0.1536554
2025-02-13 12:00:00,-0.3505794
2025-02-13 13:00:00,-0.521839
2025-02-13 14:00:00,-0.6637579
2025-02-13 15:00:00,-0.76803756
2025-02-13 16:00:00,-0.61705077
2025-02-13 17:00:00,-0.26375172
2025-02-13 18:00:00,0.11727685
2025-02-13 19:00:00,0.4276161
2025-02-13 20:00:00,0.6164309
2025-02-13 21:00:00,0.59201086
2025-02-13 22:00:00,0.33024168
2025-02-13 23:00:00,0.05867131
2025-02-14 00:00:00,-0.16600879
2025-02-14 01:00:00,-0.36306596
2025-02-14 02:00:00,-0.5326355
2025-02-14 03:00:00,-0.67345876
2025-02-14 04:00:00,-0.75765795
2025-02-14 05:00:00,-0.4782746
2025-02-14 06:00:00,-0.1338313
2025-02-14 07:00:00,0.17919722
2025-02-14 08:00:00,0.38211048
2025-02-14 09:00:00,0.4158845
2025-02-14 10:00:00,0.22417589
2025-02-14 11:00:00,-0.024532303
2025-02-14 12:00:00,-0.23523137
2025-02-14 13:00:00,-0.4236972
2025-02-14 14:00:00,-0.58022135
2025-02-14 15:00:00,-0.71037626
2025-02-14 16:00:00,-0.760241
2025-02-14 17:00:00,-0.43649805
2025-02-14 18:00:00,-0.07312695
2025-02-14 19:00:00,0.28000182
2025-02-14 20:00:00,0.53295004
2025-02-14 21:00:00,0.6152273
2025-02-14 22:00:00,0.44365522
2025-02-14 23:00:00,0.1599365
2025-02-15 00:00:00,-0.08647863
2025-02-15 01:00:00,-0.2893378
2025-02-15 02:00:00,-0.47067347
2025-02-15 03:00:00,-0.62056446
2025-02-15 04:00:00,-0.7406441
2025-02-15 05:00:00,-0.661001
2025-02-15 06:00:00,-0.29128742
2025-02-15 07:00:00,0.05968036
2025-02-15 08:00:00,0.3220459
2025-02-15 09:00:00,0.45717776
2025-02-15 10:00:00,0.37855273
2025-02-15 11:00:00,0.13164401
2025-02-15 12:00:00,-0.10685515
2025-02-15 13:00:00,-0.30507424
2025-02-15 14:00:00,-0.47986537
2025-02-15 15:00:00,-0.6240067
2025-02-15 16:00:00,-0.7297066
2025-02-15 17:00:00,-0.58952683
2025-02-15 18:00:00,-0.23135881
2025-02-15 19:00:00,0.13989127
2025-02-15 20:00:00,0.42889488
2025-02-15 21:00:00,0.585437
2025-02-15 22:00:00,0.5218133
2025-02-15 23:00:00,0.25542253
2025-02-16 00:00:00,-0.0032236334
2025-02-16 01:00:00,-0.215767
2025-02-16 02:00:00,-0.40552008
2025-02-16 03:00:00,-0.564595
2025-02-16 04:00:00,-0.6949802
2025-02-16 05:00:00,-0.73147607
2025-02-16 06:00:00,-0.41596553
